0,2016_10_18
1,2016_10_19
2,2016_10_20
3,2016_10_21
4,2016_10_22
5,2016_10_23
6,2016_10_24
7,2016_10_25
8,2016_10_26
9,2016_10_27
10,2016_10_28
11,2016_10_29
12,2016_10_30
13,2016_10_31
14,2016_11_17
15,2016_11_18
16,2016_11_19
17,2016_11_20
18,2016_11_21
19,2016_11_22
20,2016_11_23
21,2016_11_24
22,2016_11_25
23,2016_11_26
24,2016_11_27
25,2016_11_28
26,2016_11_29
27,2016_11_30
28,2016_12_18
29,2016_12_19
30,2016_12_20
31,2016_12_21
32,2016_12_22
33,2016_12_23
34,2016_12_24
35,2016_12_25
36,2016_12_26
37,2016_12_27
38,2016_12_28
39,2016_12_29
40,2016_12_30
41,2016_12_31
42,2017_01_18
43,2017_01_19
44,2017_01_20
45,2017_01_21
46,2017_01_22
47,2017_01_23
48,2017_01_24
49,2017_01_25
50,2017_01_26
51,2017_01_27
52,2017_01_28
53,2017_01_29
54,2017_01_30
55,2017_01_31
56,2017_02_15
57,2017_02_16
58,2017_02_17
59,2017_02_18
60,2017_02_19
61,2017_02_20
62,2017_02_21
63,2017_02_22
64,2017_02_23
65,2017_02_24
66,2017_02_25
67,2017_02_26
68,2017_02_27
69,2017_02_28
70,2017_03_18
71,2017_03_19
72,2017_03_20
73,2017_03_21
74,2017_03_22
75,2017_03_23
76,2017_03_24
77,2017_03_25
78,2017_03_26
79,2017_03_27
80,2017_03_28
81,2017_03_29
82,2017_03_30
83,2017_03_31
84,2017_04_17
85,2017_04_18
86,2017_04_19
87,2017_04_20
88,2017_04_21
89,2017_04_22
90,2017_04_23
91,2017_04_24
92,2017_04_25
93,2017_04_26
94,2017_04_27
95,2017_04_28
96,2017_04_29
97,2017_04_30
98,2017_05_18
99,2017_05_19
100,2017_05_20
101,2017_05_21
102,2017_05_22
103,2017_05_23
104,2017_05_24
105,2017_05_25
106,2017_05_26
107,2017_05_27
108,2017_05_28
109,2017_05_29
110,2017_05_30
111,2017_05_31
112,2017_06_17
113,2017_06_18
114,2017_06_19
115,2017_06_20
116,2017_06_21
117,2017_06_22
118,2017_06_23
119,2017_06_24
120,2017_06_25
121,2017_06_26
122,2017_06_27
123,2017_06_28
124,2017_06_29
125,2017_06_30
126,2017_07_18
127,2017_07_19
128,2017_07_20
129,2017_07_21
130,2017_07_22
131,2017_07_23
132,2017_07_24
133,2017_07_25
134,2017_07_26
135,2017_07_27
136,2017_07_28
137,2017_07_29
138,2017_07_30
139,2017_07_31
140,2017_08_18
141,2017_08_19
142,2017_08_20
143,2017_08_21
144,2017_08_22
145,2017_08_23
146,2017_08_24
147,2017_08_25
148,2017_08_26
149,2017_08_27
150,2017_08_28
151,2017_08_29
152,2017_08_30
153,2017_08_31
154,2017_09_17
155,2017_09_18
156,2017_09_19
157,2017_09_20
158,2017_09_21
159,2017_09_22
160,2017_09_23
161,2017_09_24
162,2017_09_25
163,2017_09_26
164,2017_09_27
165,2017_09_28
166,2017_09_29
167,2017_09_30
